{"inputUnits":[34],"outputUnits":4,"inputs":{"0":{"dtype":"number","min":184.23879463537858,"max":475.5226060893336},"1":{"dtype":"number","min":-17.236941748427604,"max":183.4298694156996},"2":{"dtype":"number","min":225.57472214131792,"max":531.7984169407895},"3":{"dtype":"number","min":-40.52717956186038,"max":173.63913731268272},"4":{"dtype":"number","min":154.09464161298428,"max":448.37244342409844},"5":{"dtype":"number","min":-61.42676280953034,"max":176.95868955021012},"6":{"dtype":"number","min":253.35917690344021,"max":564.7548450968186},"7":{"dtype":"number","min":-25.9722341199135,"max":180.45804549843712},"8":{"dtype":"number","min":129.4204884430586,"max":397.35261392872235},"9":{"dtype":"number","min":-23.38884915060003,"max":185.85306624920048},"10":{"dtype":"number","min":312.0336105019493,"max":574.4729061015167},"11":{"dtype":"number","min":76.75576490733124,"max":225.5807715224476},"12":{"dtype":"number","min":112.66339158918889,"max":327.3002437123081},"13":{"dtype":"number","min":86.8694128441764,"max":227.06462897287707},"14":{"dtype":"number","min":342.1579693353664,"max":648.4071388765152},"15":{"dtype":"number","min":102.34728837338571,"max":439.2790332221613},"16":{"dtype":"number","min":72.63422261437012,"max":328.2358186658595},"17":{"dtype":"number","min":109.0177515933388,"max":413.3995689704404},"18":{"dtype":"number","min":257.8806226109436,"max":661.7824668958638},"19":{"dtype":"number","min":47.69327204594602,"max":483.59522293418},"20":{"dtype":"number","min":31.319368894104834,"max":364.0477849354288},"21":{"dtype":"number","min":65.6188631708394,"max":480.98525733278507},"22":{"dtype":"number","min":306.3874558119746,"max":535.3401790864286},"23":{"dtype":"number","min":257.3656346133345,"max":483.42829356648997},"24":{"dtype":"number","min":202.32418305692616,"max":345.091706809477},"25":{"dtype":"number","min":255.4528246427837,"max":496.51965314184713},"26":{"dtype":"number","min":279.3755744354069,"max":539.0354696909586},"27":{"dtype":"number","min":330.2496891133269,"max":552.6698865388569},"28":{"dtype":"number","min":201.06970997116952,"max":357.02529847738106},"29":{"dtype":"number","min":332.04023097226025,"max":545.5051444427312},"30":{"dtype":"number","min":278.8544423584817,"max":539.3903688055265},"31":{"dtype":"number","min":415.0704022085922,"max":560.5151022154453},"32":{"dtype":"number","min":196.26621833786396,"max":345.5022800735563},"33":{"dtype":"number","min":424.62197584483124,"max":560.3248213978073}},"outputs":{"0":{"dtype":"string","min":0,"max":1,"uniqueValues":["n","y","l","r"],"legend":{"n":[1,0,0,0],"y":[0,1,0,0],"l":[0,0,1,0],"r":[0,0,0,1]}}},"isNormalized":true}